{
  "SPY.US": {
    "ret": {
      "n": 2875,
      "insufficient": false,
      "mean": 0.0005044353721163908,
      "std": 0.011145365205833948,
      "var": 0.00012421916557141399,
      "median": 0.0006548158377928104,
      "mad_sigma": 0.007098172358394114,
      "q95": 0.015388419152708355,
      "q99": 0.025895782687460334,
      "q01": -0.03227044378792717,
      "q05": -0.016822720905557097
    },
    "absret": {
      "n": 2875,
      "insufficient": false,
      "mean": 0.007288125256992131,
      "std": 0.008446209656686727,
      "var": 7.133845756470811e-05,
      "median": 0.004927905884698269,
      "mad_sigma": 0.0050130762497833355,
      "q95": 0.02147424596844303,
      "q99": 0.03781958943695537,
      "q01": 8.206033071751054e-05,
      "q05": 0.0003750296516168206
    },
    "dvol": {
      "n": 2875,
      "insufficient": false,
      "mean": -0.00025846948579326233,
      "std": 0.31421899727820324,
      "var": 0.0987335782505195,
      "median": -0.007032273260278998,
      "mad_sigma": 0.30332978193353327,
      "q95": 0.5318482152588311,
      "q99": 0.7768359909061878,
      "q01": -0.7039813444638969,
      "q05": -0.50085970195987
    }
  },
  "DBC.US": {
    "ret": {
      "n": 2875,
      "insufficient": false,
      "mean": 0.00022190431024469295,
      "std": 0.011311604578136871,
      "var": 0.000127952398132127,
      "median": 0.0008554320453213471,
      "mad_sigma": 0.009325216583651878,
      "q95": 0.01769929486917525,
      "q99": 0.026205269168098223,
      "q01": -0.030005276583103303,
      "q05": -0.017700835647576206
    },
    "absret": {
      "n": 2875,
      "insufficient": false,
      "mean": 0.0083938406242406,
      "std": 0.007584232407211815,
      "var": 5.752058120660192e-05,
      "median": 0.006370497165931077,
      "mad_sigma": 0.0057584881283959536,
      "q95": 0.02231847157544617,
      "q99": 0.03510980720693913,
      "q01": 0.0,
      "q05": 0.0006447265603804376
    },
    "dvol": {
      "n": 2875,
      "insufficient": false,
      "mean": -0.0002659238627413378,
      "std": 0.5560738040762471,
      "var": 0.30921807557982844,
      "median": -0.0007432883973539361,
      "mad_sigma": 0.5062797985090849,
      "q95": 0.8976495745411824,
      "q99": 1.4232842635196468,
      "q01": -1.378354655523409,
      "q05": -0.897882348671165
    }
  },
  "BNO.US": {
    "ret": {
      "n": 2875,
      "insufficient": false,
      "mean": 0.00029525503196363244,
      "std": 0.023772853847744628,
      "var": 0.0005651485800662266,
      "median": 0.001248829384907335,
      "mad_sigma": 0.018149956339458886,
      "q95": 0.03560465316328436,
      "q99": 0.060655672984289616,
      "q01": -0.06514140526732319,
      "q05": -0.0358204676185307
    },
    "absret": {
      "n": 2875,
      "insufficient": false,
      "mean": 0.016692663631920488,
      "std": 0.016926128118222167,
      "var": 0.0002864938130744711,
      "median": 0.012504276120091973,
      "mad_sigma": 0.011516613117331136,
      "q95": 0.04641493149731437,
      "q99": 0.07794393029225732,
      "q01": 0.0,
      "q05": 0.0010245405295933984
    },
    "dvol": {
      "n": 2875,
      "insufficient": false,
      "mean": 0.0012800198596371966,
      "std": 0.5797970650005561,
      "var": 0.336164636583259,
      "median": -0.00444179993084326,
      "mad_sigma": 0.5430461592324597,
      "q95": 0.989253665961029,
      "q99": 1.4429821472910243,
      "q01": -1.3922923050243747,
      "q05": -0.8910159064669478
    }
  },
  "USO.US": {
    "ret": {
      "n": 2875,
      "insufficient": false,
      "mean": -5.89852281796609e-05,
      "std": 0.025364141233263447,
      "var": 0.000643339660500935,
      "median": 0.0008935980680151445,
      "mad_sigma": 0.018983514366780394,
      "q95": 0.03559559670044806,
      "q99": 0.059124555788781286,
      "q01": -0.0704795315879142,
      "q05": -0.038335137163441765
    },
    "absret": {
      "n": 2875,
      "insufficient": false,
      "mean": 0.017506715589849012,
      "std": 0.01835078771122935,
      "var": 0.00033675140962260617,
      "median": 0.01283586693023242,
      "mad_sigma": 0.011942960740078442,
      "q95": 0.04840669808104099,
      "q99": 0.08132227828973974,
      "q01": 0.0001438403729793869,
      "q05": 0.0010085055275463439
    },
    "dvol": {
      "n": 2875,
      "insufficient": false,
      "mean": 0.0003309306698513756,
      "std": 0.41004044600267175,
      "var": 0.16813316735806996,
      "median": -0.01526372492508088,
      "mad_sigma": 0.38877269979703893,
      "q95": 0.7017612642237345,
      "q99": 1.0210374070673798,
      "q01": -0.9379905565475078,
      "q05": -0.6524184943039986
    }
  },
  "CPER.US": {
    "ret": {
      "n": 2875,
      "insufficient": false,
      "mean": 0.00023815631326887384,
      "std": 0.018333132868847222,
      "var": 0.0003361037607868064,
      "median": 0.0,
      "mad_sigma": 0.01224573333491848,
      "q95": 0.02433461682085589,
      "q99": 0.036946750241961805,
      "q01": -0.0418047691080893,
      "q05": -0.024106955820939958
    },
    "absret": {
      "n": 2875,
      "insufficient": false,
      "mean": 0.01125073013043457,
      "std": 0.014475411141342286,
      "var": 0.0002095375277108964,
      "median": 0.008259633977417025,
      "mad_sigma": 0.00816904704612365,
      "q95": 0.030016544474162275,
      "q99": 0.047634751466043464,
      "q01": 0.0,
      "q05": 0.0
    },
    "dvol": {
      "n": 2682,
      "insufficient": false,
      "mean": -0.0035809755829433894,
      "std": 1.1057085257608252,
      "var": 1.2225913439401774,
      "median": -0.010052299023912248,
      "mad_sigma": 0.9123716184296492,
      "q95": 1.8240863257804043,
      "q99": 2.8482406941107103,
      "q01": -2.9318022174080327,
      "q05": -1.8123787564307916
    }
  },
  "COPX.US": {
    "ret": {
      "n": 2875,
      "insufficient": false,
      "mean": 0.0005054652071069597,
      "std": 0.02321786940651885,
      "var": 0.0005390694597781639,
      "median": 0.0008860931393948057,
      "mad_sigma": 0.019125054753745416,
      "q95": 0.036013230113481974,
      "q99": 0.06051200249094669,
      "q01": -0.06238104726562874,
      "q05": -0.036741396908932564
    },
    "absret": {
      "n": 2875,
      "insufficient": false,
      "mean": 0.016997980937302946,
      "std": 0.01582065595911688,
      "var": 0.00025029315497674044,
      "median": 0.012780388130467557,
      "mad_sigma": 0.012058758442102092,
      "q95": 0.045418893255871985,
      "q99": 0.07194390344843216,
      "q01": 0.0001788765781394908,
      "q05": 0.001109983421223504
    },
    "dvol": {
      "n": 2875,
      "insufficient": false,
      "mean": 0.0025675565729235375,
      "std": 0.8129717220181553,
      "var": 0.6609230208011647,
      "median": -0.02135759573264906,
      "mad_sigma": 0.720549179600637,
      "q95": 1.3662823707044325,
      "q99": 2.184661227537724,
      "q01": -2.0222648168296797,
      "q05": -1.271337371973293
    }
  },
  "BCOM.INDX": {
    "ret": {
      "n": 2893,
      "insufficient": false,
      "mean": 8.03401086573073e-05,
      "std": 0.009372154833385243,
      "var": 8.783728622094638e-05,
      "median": 0.0005960505140718553,
      "mad_sigma": 0.007639808059656436,
      "q95": 0.014788641053456612,
      "q99": 0.021773234182736252,
      "q01": -0.026415854454369805,
      "q05": -0.015266706962429844
    },
    "absret": {
      "n": 2893,
      "insufficient": false,
      "mean": 0.006884764840559292,
      "std": 0.006358251806832951,
      "var": 4.0427366039094486e-05,
      "median": 0.0052338608110051865,
      "mad_sigma": 0.004780796752121078,
      "q95": 0.01900063592369641,
      "q99": 0.030072379600154638,
      "q01": 0.00012711621368595164,
      "q05": 0.0005308172232499686
    },
    "dvol": {
      "n": 0,
      "insufficient": true
    }
  },
  "BCOMTR.INDX": {
    "ret": {
      "n": 2878,
      "insufficient": false,