{
  "SPY.US": {
    "ret": {
      "n": 2875,
      "insufficient": false,
      "mean": 0.00043883799623728513,
      "std": 0.011188620733360665,
      "var": 0.00012518523391498817,
      "median": 0.0006023975604341203,
      "mad_sigma": 0.007217267286299956,
      "q95": 0.015388407909865965,
      "q99": 0.025895604372257748,
      "q01": -0.03227040485596818,
      "q05": -0.01690362975590798
    },
    "absret": {
      "n": 2875,
      "insufficient": false,
      "mean": 0.0073262089443102895,
      "std": 0.008466750659532573,
      "var": 7.168586673069527e-05,
      "median": 0.004991190867331241,
      "mad_sigma": 0.005074292044209156,
      "q95": 0.021559325844163965,
      "q99": 0.03781945702112615,
      "q01": 8.217038465650364e-05,
      "q05": 0.00037695488306406234
    },
    "dvol": {
      "n": 2875,
      "insufficient": false,
      "mean": -0.00025846948579326233,
      "std": 0.31421899727820324,
      "var": 0.0987335782505195,
      "median": -0.007032273260278998,
      "mad_sigma": 0.30332978193353327,
      "q95": 0.5318482152588311,
      "q99": 0.7768359909061878,
      "q01": -0.7039813444638969,
      "q05": -0.50085970195987
    }
  },
  "DBC.US": {
    "ret": {
      "n": 2875,
      "insufficient": false,
      "mean": 0.00016350337223967245,
      "std": 0.011393106487533928,
      "var": 0.00012980287543628769,
      "median": 0.0008445946448016883,
      "mad_sigma": 0.00935016790529875,
      "q95": 0.017699577099401065,
      "q99": 0.02620376091134048,
      "q01": -0.03162598366205755,
      "q05": -0.018067231293817973
    },
    "absret": {
      "n": 2875,
      "insufficient": false,
      "mean": 0.008437728910602741,
      "std": 0.007655689174313106,
      "var": 5.860957673369488e-05,
      "median": 0.006378153740753234,
      "mad_sigma": 0.005765894132492388,
      "q95": 0.022530178808032222,
      "q99": 0.03548138355433404,
      "q01": 0.0,
      "q05": 0.0006493087391045371
    },
    "dvol": {
      "n": 2875,
      "insufficient": false,
      "mean": -0.0002659238627413378,
      "std": 0.5560738040762471,
      "var": 0.30921807557982844,
      "median": -0.0007432883973539361,
      "mad_sigma": 0.5062797985090849,
      "q95": 0.8976495745411824,
      "q99": 1.4232842635196468,
      "q01": -1.378354655523409,
      "q05": -0.897882348671165
    }
  },
  "BNO.US": {
    "ret": {
      "n": 2875,
      "insufficient": false,
      "mean": 0.00029525503196363244,
      "std": 0.023772853847744628,
      "var": 0.0005651485800662266,
      "median": 0.001248829384907335,
      "mad_sigma": 0.018149956339458886,
      "q95": 0.03560465316328436,
      "q99": 0.060655672984289616,
      "q01": -0.06514140526732319,
      "q05": -0.0358204676185307
    },
    "absret": {
      "n": 2875,
      "insufficient": false,
      "mean": 0.016692663631920488,
      "std": 0.016926128118222167,
      "var": 0.0002864938130744711,
      "median": 0.012504276120091973,
      "mad_sigma": 0.011516613117331136,
      "q95": 0.04641493149731437,
      "q99": 0.07794393029225732,
      "q01": 0.0,
      "q05": 0.0010245405295933984
    },
    "dvol": {
      "n": 2875,
      "insufficient": false,
      "mean": 0.0012800198596371966,
      "std": 0.5797970650005561,
      "var": 0.336164636583259,
      "median": -0.00444179993084326,
      "mad_sigma": 0.5430461592324597,
      "q95": 0.989253665961029,
      "q99": 1.4429821472910243,
      "q01": -1.3922923050243747,
      "q05": -0.8910159064669478
    }
  },
  "USO.US": {
    "ret": {
      "n": 2875,
      "insufficient": false,
      "mean": 0.0006642987863176734,
      "std": 0.04718859260178483,
      "var": 0.0022267632717372222,
      "median": 0.0008935980680151445,
      "mad_sigma": 0.018983514366780394,
      "q95": 0.03559559670044806,
      "q99": 0.060541775478075203,
      "q01": -0.0704795315879142,
      "q05": -0.038335137163441904
    },
    "absret": {
      "n": 2875,
      "insufficient": false,
      "mean": 0.018229999604346347,
      "std": 0.04352879734519516,
      "var": 0.001894756198319069,
      "median": 0.01283586693023242,
      "mad_sigma": 0.011942960740078442,
      "q95": 0.048406698081041304,
      "q99": 0.0820876281217068,
      "q01": 0.0001438403729793869,
      "q05": 0.0010085055275463439
    },
    "dvol": {
      "n": 2875,
      "insufficient": false,
      "mean": 0.0003309306698513756,
      "std": 0.41004044600267175,
      "var": 0.16813316735806996,
      "median": -0.01526372492508088,
      "mad_sigma": 0.38877269979703893,
      "q95": 0.7017612642237345,
      "q99": 1.0210374070673798,
      "q01": -0.9379905565475078,
      "q05": -0.6524184943039986
    }
  },
  "CPER.US": {
    "ret": {
      "n": 2875,
      "insufficient": false,
      "mean": 0.00023815631326887384,
      "std": 0.018333132868847222,
      "var": 0.0003361037607868064,
      "median": 0.0,
      "mad_sigma": 0.01224573333491848,
      "q95": 0.02433461682085589,
      "q99": 0.036946750241961805,
      "q01": -0.0418047691080893,
      "q05": -0.024106955820939958
    },
    "absret": {
      "n": 2875,
      "insufficient": false,
      "mean": 0.01125073013043457,
      "std": 0.014475411141342286,
      "var": 0.0002095375277108964,
      "median": 0.008259633977417025,
      "mad_sigma": 0.00816904704612365,
      "q95": 0.030016544474162275,
      "q99": 0.047634751466043464,
      "q01": 0.0,
      "q05": 0.0
    },
    "dvol": {
      "n": 2682,
      "insufficient": false,
      "mean": -0.0035809755829433894,
      "std": 1.1057085257608252,
      "var": 1.2225913439401774,
      "median": -0.010052299023912248,
      "mad_sigma": 0.9123716184296492,
      "q95": 1.8240863257804043,
      "q99": 2.8482406941107103,
      "q01": -2.9318022174080327,
      "q05": -1.8123787564307916
    }
  },
  "COPX.US": {
    "ret": {
      "n": 2875,
      "insufficient": false,
      "mean": 0.0008162790008886544,
      "std": 0.03116457792800237,
      "var": 0.0009712309174305326,
      "median": 0.0008261792951707037,
      "mad_sigma": 0.019130368005952216,
      "q95": 0.036092056455428866,
      "q99": 0.061085275486003524,
      "q01": -0.062381718243391955,
      "q05": -0.03679256231995302
    },
    "absret": {
      "n": 2875,
      "insufficient": false,
      "mean": 0.017406824934373715,
      "std": 0.02586106106212674,
      "var": 0.0006687944792590478,
      "median": 0.012781502149953994,
      "mad_sigma": 0.012064389904831161,
      "q95": 0.04558010504672162,
      "q99": 0.07231991117239757,
      "q01": 0.0001923628891861107,
      "q05": 0.0011243108926374482
    },
    "dvol": {
      "n": 2875,
      "insufficient": false,
      "mean": 0.0025675565729235375,
      "std": 0.8129717220181553,
      "var": 0.6609230208011647,
      "median": -0.02135759573264906,
      "mad_sigma": 0.720549179600637,
      "q95": 1.3662823707044325,
      "q99": 2.184661227537724,
      "q01": -2.0222648168296797,
      "q05": -1.271337371973293
    }
  },
  "BCOM.INDX": {
    "ret": {
      "n": 2893,
      "insufficient": false,
      "mean": 8.03401086573073e-05,
      "std": 0.009372154833385243,
      "var": 8.783728622094638e-05,
      "median": 0.0005960505140718553,
      "mad_sigma": 0.007639808059656436,
      "q95": 0.014788641053456612,
      "q99": 0.021773234182736252,
      "q01": -0.026415854454369805,
      "q05": -0.015266706962429844
    },
    "absret": {
      "n": 2893,
      "insufficient": false,
      "mean": 0.006884764840559292,
      "std": 0.006358251806832951,
      "var": 4.0427366039094486e-05,
      "median": 0.0052338608110051865,
      "mad_sigma": 0.004780796752121078,
      "q95": 0.01900063592369641,
      "q99": 0.030072379600154638,
      "q01": 0.00012711621368595164,
      "q05": 0.0005308172232499686
    },
    "dvol": {
      "n": 0,
      "insufficient": true
    }
  },
  "BCOMTR.INDX": {
    "ret": {
      "n": 2878,
      "insufficient": false,